,nombre_artista,nombre_cancion,año_lanzamiento,género_musical,tipo
0,Various Artists,Margrats,2019-05-31,techno,track
1,Disco Van,Missing,2019-08-26,techno,track
2,Niño Árbol,VOYAGE,2019-11-15,techno,track
3,Various Artists,Moet,2019-10-22,techno,track
4,Various Artists,Clouds,2019-01-14,techno,track
5,Alexander Kowalski,Crystal Pattern 2,2019-06-28,techno,track
6,Various Artists,Law of Motion,2019-08-28,techno,track
7,Nineteen Sines,The Hole,2019-04-22,techno,track
8,Various Artists,Costa Rica,2019-08-28,techno,track
9,DP-6,Geomagnetic Reversion - Mixed,2019-05-20,techno,track
10,Various Artists,In My Soul,2019-10-18,techno,track
11,Norberto Lusso,57,2019-04-22,techno,track
12,Marco Ginelli,Acidizer - Guillermo DR Remix,2019-05-08,techno,track
13,Various Artists,Ritual,2019-12-25,techno,track
14,SUBSET,Chase the Dragon,2019-02-04,techno,track
15,Various Artists,Funk Boy,2019-08-25,techno,track
16,Mila Journée,Wine,2019-10-16,techno,track
17,Markus Schulz - Global DJ Broadcast,C166W,2019-01-18,techno,track
18,Various Artists,The Dealer,2019-05-24,techno,track
19,Various Artists,Oblivion,2019-08-26,techno,track
20,Various Artists,What We Think,2019-10-05,techno,track
21,Various Artists,Mutant - Bjœrn stolpmann Remix,2019-04-08,techno,track
22,Various Artists,Indiana Groove - Tribal Drum Edit,2019-05-24,techno,track
23,Luix Spectrum,Nimbus,2019-07-22,techno,track
24,Sascha Audit,Dark Knight - Davy JounZ Remix,2019-09-27,techno,track
25,Manel Diaz,Minimal Boys Like Big Boobs - Saul Espada Remix,2019-04-19,techno,track
26,Various Artists,Enemy,2019-08-12,techno,track
27,Greg Denbosa,Black Out,2019-01-21,techno,track
28,Dkult,Desejo,2019-04-09,techno,track
29,Various Artists,You Give Me - Original Mix,2019-02-15,techno,track
30,Various Artists,Electrobula,2019-07-22,techno,track
31,Duck Sandoval,Cura Mortal,2019-02-04,techno,track
32,Darknezz,Empire Of The Sun,2019-11-11,techno,track
33,Fabrice Torricella,Bankster,2019-06-10,techno,track
34,Various Artists,Minimal Underground - Original Mix,2019-02-28,techno,track
35,Various Artists,Organic,2019-01-18,techno,track
36,Maguta,Orgasm,2019-05-11,techno,track
37,Marc Molina,Love,2019-04-08,techno,track
38,Apart,Cells - Arnaud Le Texier Remix,2019-07-29,techno,track
39,Various Artists,Oscillation,2019-03-29,techno,track
40,Christian Gerlach,Regulus,2019-12-09,techno,track
41,Various Artists,Embrace Death,2019-05-23,techno,track
42,Deeperwalk,Hirider - Owen Ni Rmx,2019-02-18,techno,track
43,Various Artists,Shut Up! - ROBUST Techno Remix,2019-12-09,techno,track
44,I7HVN,Opal,2019-05-01,techno,track
45,Various Artists,Autocuidado,2019-05-31,techno,track
46,Various Artists,Enjoy the Silence,2019-12-06,techno,track
47,Various Artists,Feast on Flesh,2019-06-28,techno,track
48,Various Artists,Prophecy,2019-11-20,techno,track
49,Various Artists,Descend,2019-11-22,techno,track
50,Various Artists,Kernels,2019-07-26,techno,track
51,Melodymann,Snoopin,2019-09-20,techno,track
52,Various Artists,I Feel Nothing,2019-01-14,techno,track
53,Lorenzo Al Dino,Flood - Animal Trainer Remix,2019-06-07,techno,track
54,Various Artists,Ferga - Luke Chable Remix,2019-07-26,techno,track
55,Matteo Vitanza,I Remember Us,2019-03-26,techno,track
56,Manel Diaz,OMG,2019-08-18,techno,track
57,R3ckzet,Terror Corp,2019-08-30,techno,track
58,Vincent Noxx,Vibe - House Healed Me Vocal Edit,2019-05-02,techno,track
59,Padhme,Radiator,2019-06-10,techno,track
60,Various Artists,Where From - Mark Cowax Remix,2019-04-01,techno,track
61,Various Artists,Escape - Original Mix,2019-12-27,techno,track
62,Droneghost,Curse Two,2019-11-08,techno,track
63,TML,Cell ID - Alden Tyrell Remix,2019-01-25,techno,track
64,Various Artists,Follow Me,2019-02-04,techno,track
65,Various Artists,Greyjoy,2019-08-30,techno,track
66,LetKolben,The Time Is Running Out,2019-04-01,techno,track
67,Duck Sandoval,Holy Grail - Melissa Queen Remix,2019-08-26,techno,track
68,AAAA,True Peak,2019-02-28,techno,track
69,Dj Scale Ripper,Ketracel White,2019-10-11,techno,track
70,Various Artists,Just Dance - Original Mix,2019-09-29,techno,track
71,Various Artists,Kadanza,2019-09-06,techno,track
72,I Am Bam,Persistence,2019-04-08,techno,track
73,Nae:Tek,Decollo - Schulz Audio Rmx,2019-02-11,techno,track
74,Various Artists,Holding Environment - Son of Elita Rmx,2019-11-11,techno,track
75,Various Artists,Berlin Never Sleeps,2019-12-30,techno,track
76,Various Artists,Some Change,2019-02-16,techno,track
77,Danilenko,Zen Meditation,2019-04-22,techno,track
78,Modular Phaze,Railgun - Another Vision Remixed 2019,2019-08-28,techno,track
79,LetKolben,The Far Side of the Moon,2019-03-25,techno,track
80,Primary Substance,Slowrave,2019-06-20,techno,track
81,Various Artists,Pandora,2019-06-14,techno,track
82,Various Artists,Robots,2019-07-17,techno,track
83,Yan Oxygen,Eva - Beliaal Remix,2019-11-29,techno,track
84,Various Artists,Scary - Original Mix,2019-02-11,techno,track
85,Israel Toledo,Not From Here,2019-03-18,techno,track
86,FU-5,System 400,2019-09-06,techno,track
87,Mari Mattham,Yesterday,2019-02-25,techno,track
88,Darkrow,Botswanna - Original Mix,2019-09-13,techno,track
89,Nae:Tek,Drrrerrr - Cenin Rmx,2019-05-20,techno,track
90,Various Artists,Approaching Cygn System - Original Mix,2019-08-15,techno,track
91,Various Artists,Rebirth - Original Mix,2019-08-23,techno,track
92,Austrek,Radial,2019-10-21,techno,track
93,Modular Phaze,Streets Of Hell,2019-04-13,techno,track
94,Deeperwalk,An Angel's Line,2019-07-29,techno,track
95,Various Artists,Damned Fucking Crash,2019-05-13,techno,track
96,Various Artists,Working On Me - Sqyre Remix,2019-09-13,techno,track
97,Tender H,Spring Mood,2019-07-08,techno,track
98,Omega Drive,Hard G,2019-12-24,techno,track
99,Various Artists,Live Or Die,2019-08-13,techno,track
100,C-System,Madboy,2019-05-22,techno,track
101,Ignacio Arfeli,Abduction - Original Mix,2019-02-25,techno,track
102,Lewis G. Burton,Take What You Want,2019-12-04,techno,track
103,Various Artists,Helene geht fischen - Instrumental Mix,2019-12-20,techno,track
104,Chiraya,Abstrakt,2019-04-21,techno,track
105,Various Artists,Minimal Baby,2019-06-07,techno,track
106,Aves Volare,Hope - John Baptiste Remix,2019-12-16,techno,track
107,Various Artists,Bullfighter,2019-08-13,techno,track
108,Deeperwalk,An Angel's Line,2019-07-29,techno,track
109,Various Artists,Damned Fucking Crash,2019-05-13,techno,track
110,Various Artists,Working On Me - Sqyre Remix,2019-09-13,techno,track
111,Tender H,Spring Mood,2019-07-08,techno,track
112,Omega Drive,Hard G,2019-12-24,techno,track
113,Various Artists,Live Or Die,2019-08-13,techno,track
114,Various Artists,Freshening,2019-02-22,techno,track
115,Dave Wesley,Estranhos,2019-09-19,techno,track
116,Various Artists,La Sirena - Bowsie Mix,2019-06-07,techno,track
117,Various Artists,Again,2019-12-27,techno,track
118,Namito,Covert Affection (feat. Manaa) [Mixed],2019-10-04,techno,track
119,David Durst,Prototype,2019-10-21,techno,track
120,Guy Mantzur,Where Is Home,2019-08-25,techno,track
121,Seventh Sea,Aphasia,2019-09-30,techno,track
122,Sven Kuhlmann,Fast Forward - Club Mix,2019-03-22,techno,track
123,Various Artists,Kepler - Terra4Beat Remix,2019-08-31,techno,track
124,Various Artists,Diazedine,2019-01-25,techno,track
125,Various Artists,Night Watch,2019-10-13,techno,track
126,Various Artists,Jinx,2019-10-11,techno,track
127,Crimson Butterfly,Song for Bella,2019-10-25,techno,track
128,Lady Maru,Can't Find The Acid - Karl Malone Remix,2019-04-15,techno,track
129,Various Artists,Zero Three,2019-03-04,techno,track
130,Sopik,What You Think,2019-05-06,techno,track
131,Kinko,More Everyday - ChanÃ© Remix,2019-03-01,techno,track
132,Isabassi,Emo Discard,2019-07-05,techno,track
133,Sergy Casttle,Jungle,2019-03-04,techno,track
134,Various Artists,Be Good,2019-08-23,techno,track
135,Various Artists,Dilemma,2019-04-28,techno,track
136,Various Artists,Freeze,2019-12-02,techno,track
137,Mown,Intrication,2019-10-02,techno,track
138,Samantha Togni,Modern Necessity Of Revenge,2019-02-08,techno,track
139,Denizens,Fuck Your Fashion,2019-02-21,techno,track
140,Various Artists,Annapurna - Etherware Rmx,2019-11-11,techno,track
141,Felix Reichelt,Squeak,2019-01-03,techno,track
142,Various Artists,Positron - 2002 Vocal Version,2019-12-20,techno,track
143,Various Artists,Memory Loss - Matteo Poker Remix,2019-07-26,techno,track
144,Various Artists,1995 - Original Mix,2019-12-30,techno,track
145,Frank Arvonio,In The Middle Of No Where,2019-02-06,techno,track
146,Dualit,Wechselbad,2019-03-20,techno,track
147,DJ D ReDD,A Distant Land - El Brujo Remix,2019-11-25,techno,track
148,Various Artists,Go to Exit,2019-02-08,techno,track
149,Steve Shaden,Hey! - Dandi & Ugo Remix,2019-05-07,techno,track
150,Various Artists,Eclipse,2019-01-07,techno,track
151,C-System,Anticrista,2019-03-04,techno,track
152,Manel Diaz,25I Nbome,2019-03-11,techno,track
153,Various Artists,Craving,2019-12-30,techno,track
154,Hans Bouffmyhre,Game for Anything,2019-04-29,techno,track
155,Various Artists,Tribe,2019-02-22,techno,track
156,Duck Sandoval,Black Ecstasy,2019-03-18,techno,track
157,Various Artists,A Viennese House Trak - Original Mix,2019-08-30,techno,track
158,Various Artists,Anatema,2019-06-14,techno,track
159,Achiever,Jointure - Instrumental,2019-12-16,techno,track
160,Skov Bowden,Moon - The GOAT Remix,2019-05-06,techno,track
161,Various Artists,Thera - Original Mix,2019-09-06,techno,track
162,FU-5,Inner Principle - Original Mix,2019-11-11,techno,track
163,Fernie,Filling The Void,2019-02-15,techno,track
164,Various Artists,Oscillate,2019-02-22,techno,track
165,Various Artists,Heisenberg - John H and M E E O Remix,2019-07-12,techno,track
166,Hefty,Puzzled,2019-06-07,techno,track
167,Various Artists,Imagies,2019-08-21,techno,track
168,PWCCA,Delta Induction - Original Mix,2019-09-09,techno,track
169,Procopis Gkouklias,Horizon,2019-11-29,techno,track
170,Various Artists,Redefining - Malbo Rmx,2019-10-07,techno,track
171,Various Artists,Young and Cute,2019-12-31,techno,track
172,Various Artists,Transformers,2019-08-19,techno,track
173,Various Artists,Beast - Original Mix,2019-12-30,techno,track
174,Various Artists,Stereo Frequency,2019-01-26,techno,track
175,Lützenkirchen,Mae-Dae,2019-09-09,techno,track
176,Daniele Di Martino,Shower For Hours - Mixed,2019-07-12,techno,track
177,Disco Ball'z,Hip Hop Is Alive,2019-08-19,techno,track
178,Atze Ton,Tell it me - Original Mix,2019-11-11,techno,track
179,Various Artists,Bangkok - Extended Mix,2019-03-04,techno,track
180,Various Artists,Rexab - Electro Version,2019-11-24,techno,track
181,Danny Fontana,Cruise Control,2019-09-09,techno,track
182,Tom Hutt,Crusaders - Kamil Van Derson Remix,2019-04-01,techno,track
183,Various Artists,Taste me - DJ Tool,2019-02-01,techno,track
184,Carara,Square Functions,2019-04-15,techno,track
185,Various Artists,Spurge,2019-07-23,techno,track
186,Various Artists,OK,2019-05-06,techno,track
187,Various Artists,The Will Be - Primus V Remix,2019-12-16,techno,track
188,Royal Sapien,Move Back - Mixed,2019-05-24,techno,track
189,ÁCIDA ÁCIDA,Generación,2019-10-25,techno,track
190,Roentgen Limiter,Classic Travel - Original Mix,2019-11-21,techno,track
191,Vilas Monnappa,Program Only Til 10,2019-03-08,techno,track
192,Various Artists,Flip Da Beat,2019-03-29,techno,track
193,Various Artists,Aztral Connection,2019-05-30,techno,track
194,Nae:Tek,Calibration1.0 - Tom Langusi Rmx,2019-03-10,techno,track
195,Veztax,Tristan,2019-07-22,techno,track
196,Luca Kallweit,Genetica,2019-05-24,techno,track
197,DP-6,Melting Snow - Mixed,2019-08-19,techno,track
198,White Shadows,The Truth,2019-06-14,techno,track
199,Various Artists,Vici,2019-01-19,techno,track
200,Cari Lekebusch,Spinnhead,2019-12-02,techno,track
201,Various Artists,Threat - Original Mix,2019-06-26,techno,track
202,Various Artists,Time - Original Mix,2019-03-18,techno,track
203,Hakko,State of Mind - Rezystor Remix,2019-02-12,techno,track
204,Celestial Rituals,Tao,2019-09-17,techno,track
205,Various Artists,Dancing Shoes,2019-06-18,techno,track
206,Various Artists,Walking,2019-08-30,techno,track
207,Various Artists,Chereshko,2019-08-26,techno,track
208,Various Artists,Endless Guitar,2019-09-21,techno,track
209,Various Artists,Beast - Original Mix,2019-12-30,techno,track
210,Steve Kid,Deep Space,2019-01-02,techno,track
211,Atze Ton,Tell it me - Original Mix,2019-11-11,techno,track
212,Bendik Baksaas,Bodh Gaya,2019-02-22,techno,track
213,Various Artists,Kepler - Terra4Beat Remix,2019-08-31,techno,track
214,Turning Torso,24 H,2019-03-06,techno,track
215,Various Artists,Tantalizer,2019-01-21,techno,track
216,Kind Of People,Liqum,2019-04-12,techno,track
217,Various Artists,Mors Indecepts - Strobetech Remix,2019-09-22,techno,track
218,Kooscha,Phoney,2019-06-10,techno,track
219,Max Delta,New Light,2019-04-23,techno,track
220,SUBSET,Chase the Dragon,2019-02-04,techno,track
221,Various Artists,Kadanza,2019-09-06,techno,track
222,Air Jackson,Dino,2019-05-13,techno,track
223,Various Artists,Holding Environment - Son of Elita Rmx,2019-11-11,techno,track
224,Avguchenko,Soul Strength,2019-07-05,techno,track
225,Various Artists,Berlin Never Sleeps,2019-12-30,techno,track
226,Notoir,Influenza,2019-05-20,techno,track
227,Various Artists,Bangkok - Extended Mix,2019-03-04,techno,track
228,Valya Kan,Machine Soul,2019-01-18,techno,track
229,Neoplastika,Eckbauten,2019-08-05,techno,track
230,The Reactivitz,Imagination,2019-03-15,techno,track
231,Various Artists,Weltenwandler - Radio-Edit,2019-06-24,techno,track
232,CENSURE,TBA,2019-01-18,techno,track
233,Niclas Erlandsson,Subdued By Reality,2019-04-23,techno,track
234,Sebastian Groth,Genesis,2019-08-30,techno,track
235,Omega Drive,Hard G,2019-12-24,techno,track
236,Lützenkirchen,Mae-Dae,2019-09-09,techno,track
237,Dimi Mechero,What I Mean,2019-01-11,techno,track
238,Various Artists,Mythic,2019-09-20,techno,track
239,Simone Tavazzi,Fishbrain,2019-02-18,techno,track
240,Various Artists,Flight to Berlin - Vynyard Dub Mix,2019-12-23,techno,track
241,Various Artists,Humano - David Temessi Remix,2019-01-07,techno,track
242,Kinko,More Everyday - ChanÃ© Remix,2019-03-01,techno,track
243,Modtech,Infected - I.III Remix,2019-01-14,techno,track
244,Goncalo M,That Kind Of Groove,2019-10-04,techno,track
245,Various Artists,For You - Tom Hades Remix,2019-01-18,techno,track
246,FU-5,System 500,2019-09-06,techno,track
247,Various Artists,YES,2019-01-11,techno,track
248,Various Artists,Come Home - Original Mix,2019-12-25,techno,track
249,Various Artists,Back To Me - Original Mix,2019-10-28,techno,track
250,Various Artists,It's Albert Speaking - Set Opener Bonus,2020-08-10,techno,track
251,Aleja Sanchez,The Language of Silence,2020-10-12,techno,track
252,Lefrak,So Good - Original Mix,2020-08-31,techno,track
253,Brooklyn Bounce,The Theme (Of Progressive Attack) - Sergio Marin & Luke Remix,2020-05-15,techno,track
254,Various Artists,Coming to the Tree,2020-03-02,techno,track
255,Various Artists,Regrets,2020-08-31,techno,track
256,Various Artists,Techno Inside - Skober Remix,2020-11-02,techno,track
257,Tom Mosler,Piko,2020-09-21,techno,track
258,Various Artists,Pure,2020-12-28,techno,track
259,Joey Smith,Shine,2020-11-17,techno,track
260,Nae:Tek,Redefining - Johnny Davison Rmx,2020-06-14,techno,track
261,Various Artists,Limb,2020-09-08,techno,track
262,Sergy Casttle,Awake,2020-12-07,techno,track
263,End Train,Your anger is legitimate,2020-06-12,techno,track
264,Morgan Wright,Narrative (Mostly in the Morning),2020-11-16,techno,track
265,Various Artists,Frank - Original mix,2020-12-21,techno,track
266,Various Artists,Flute vs. Violin,2020-12-18,techno,track
267,Kellener,Global - Original Mix,2020-12-09,techno,track
268,Various Artists,Arabica,2020-09-08,techno,track
269,Ayako Mori,Gegen Hell - Toxic D.N.A Remix,2020-01-25,techno,track
270,Distant Echoes,Fluorangen,2020-07-31,techno,track
271,Champas,1936 - 2+2=5 Remix,2020-11-27,techno,track
272,Toxic D.N.A,Smoke,2020-03-16,techno,track
273,D.A.V.E. The Drummer,Sonic Frequencies - Alternate Mix,2020-08-14,techno,track
274,Neagles,COME ON,2020-04-26,techno,track
275,Various Artists,Sinner,2020-12-25,techno,track
276,Marco Bailey,Blaze - Raul Young Remix,2020-10-12,techno,track
277,EAS,The Beast,2020-07-03,techno,track
278,Kevin Wesp,This Moment,2020-10-23,techno,track
279,Various Artists,Idealizing,2020-09-13,techno,track
280,Various Artists,Echoes,2020-07-10,techno,track
281,Various Artists,Sinthetizer,2020-10-30,techno,track
282,Various Artists,Frankenstein - Hefty 'Necromancy' Remix,2020-07-15,techno,track
283,Various Artists,Cabo Verde,2020-09-11,techno,track
284,Various Artists,Initiated Rising,2020-09-28,techno,track
285,88756,Blase,2020-04-25,techno,track
286,Omega Drive,Big Man,2020-06-23,techno,track
287,Various Artists,Rings - Egbert Remix,2020-01-10,techno,track
288,Various Artists,7 Lives,2020-11-02,techno,track
289,Tonikattitude,The Karma of Brother,2020-03-09,techno,track
290,Steve Bug,Serve Your Mistress,2020-08-28,techno,track
291,Modular Phaze,Lupercus - Rave Syndicate Remix,2020-01-01,techno,track
292,Various Artists,Night Sea Of Faith - Massa Remix,2020-01-13,techno,track
293,Various Artists,Lagano,2020-11-30,techno,track
294,Abel Blanes,Daydreaming,2020-01-20,techno,track
295,Darzack,"Everything changes, everything is uncertain",2020-04-30,techno,track
296,Martinelli,200th Day,2020-12-26,techno,track
297,Slow Life Program,Tribal Cult,2020-10-15,techno,track
298,Atze Ton,Bunker Squard,2020-06-01,techno,track
299,Tom Palash,4:54 PM,2020-02-14,techno,track
300,Charly Beck,Black Rain - DJ Exo Remix,2020-12-12,techno,track
301,Relaxer,Coconuts,2020-01-04,techno,track
302,Carlos Perón,La salle blanche,2020-05-21,techno,track
303,Afik Naim,45,2020-01-01,techno,track
304,Various Artists,Interpol - Original Mix,2020-09-25,techno,track
305,Error Etica,ASP02 - Original Mix,2020-01-24,techno,track
306,Various Artists,Rewind,2020-10-05,techno,track
307,Brian Sanhaji,Out of Context,2020-02-24,techno,track
308,Axel Karakasis,Power At The Storms,2020-03-30,techno,track
309,Van Dexter,Acid Beer,2020-03-02,techno,track
310,Tigerskin,Basswood,2020-06-12,techno,track
311,88756,Kill Thy Neighbour,2020-04-25,techno,track
312,Midinoize,Essence of Life - Unconformist Remix,2020-12-01,techno,track
313,Cristian Glitch,Return to Darkness - Marcello Perri Remix,2020-04-13,techno,track
314,Various Artists,Wardenclyffe - Oliver Kucera Remix,2020-06-16,techno,track
315,Various Artists,Vicious Circle - Superstrobe Remix,2020-11-02,techno,track
316,Various Artists,Black,2020-05-25,techno,track
317,Various Artists,L'eremita di stremiz,2020-05-15,techno,track
318,Various Artists,Prizma - Original Mix,2020-12-30,techno,track
319,Trak 1,For This - Murray Richardson Remix,2020-02-21,techno,track
320,Robert Armani,Orchestryy - Manuel Di Martino Remix,2020-07-03,techno,track
321,Various Artists,Yellow Beach Cafe - Bruno Motta Remix,2020-11-22,techno,track
322,Various Artists,Driver,2020-08-21,techno,track
323,Various Artists,Cinders to Ash - Mechanist Retexture,2020-02-02,techno,track
324,Crime as Service,Zero Day Attack - Original Mix,2020-08-28,techno,track
325,Hioll,Indoctrination,2020-11-13,techno,track
326,Various Artists,Zongo the Tamagotchi,2020-03-13,techno,track
327,Various Artists,Micro Biome Multiverse,2020-10-12,techno,track
328,Various Artists,"Knock, Knock - Andreew Remix",2020-01-19,techno,track
329,Various Artists,Living On Pizza,2020-06-01,techno,track
330,A Thousand Details,Scapula Pain - Original Mix,2020-08-07,techno,track
331,Various Artists,PTR,2020-04-20,techno,track
332,Dronum,Early Morning Dub,2020-11-10,techno,track
333,Marcelus,Regeneration,2020-02-21,techno,track
334,Kevin Wesp,Analogue Noises,2020-09-25,techno,track
335,Various Artists,Right Time - Mark Knight Remix,2020-12-16,techno,track
336,Toxic D.N.A,Justice - Luka Daniello Remix,2020-05-25,techno,track
337,Gabenz,Re-Connect - Original Mix,2020-01-20,techno,track
338,Various Artists,Catch22,2020-11-02,techno,track
339,Various Artists,Flying Area - Original Mix,2020-12-25,techno,track
340,Various Artists,Meteor - Original Mix,2020-12-22,techno,track
341,Various Artists,An Angel's Line - G.U.A Rmx,2020-04-26,techno,track
342,EASTEL,SKIN & BONES II,2020-05-15,techno,track
343,Manic Brothers,Jupiterz - Original Mix,2020-07-17,techno,track
344,Various Artists,Blindness - Original Mix,2020-01-06,techno,track
345,Various Artists,I Am Waiting,2020-01-10,techno,track
346,Nuss,Resistance - Mixed,2020-12-21,techno,track
347,Various Artists,Riemann LIVE 22,2020-04-01,techno,track
348,Nae:Tek,Assimilation - Geometriae Rmx,2020-11-23,techno,track
349,Various Artists,Ça Groove BB,2020-12-14,techno,track
350,Various Artists,Rotation,2020-04-01,techno,track
351,Various Artists,Behind You - Austin Pettit Remix,2020-03-27,techno,track
352,Kaiser Souzai,Streamates,2020-12-25,techno,track
353,Various Artists,Vandal - Altego Remix,2020-05-20,techno,track
354,Van Dexter,Bye Bye - Tito K. Remix,2020-03-02,techno,track
355,Various Artists,Acid Space - Hell Driver Remix,2020-03-02,techno,track
356,Various Artists,Be Here,2020-06-15,techno,track
357,NØ Shelter,Distressed Thoughts,2020-12-17,techno,track
358,DJ D ReDD,Landmine,2020-04-22,techno,track
359,Marco Bailey,Blaze - Raul Young Remix,2020-10-12,techno,track
360,Various Artists,Paranormal Voice,2020-01-31,techno,track
361,WO-CORE,Soledad,2020-02-24,techno,track
362,Dok & Martin,Parallel Space,2020-09-11,techno,track
363,Various Artists,Kill The Whistler,2020-11-13,techno,track
364,Various Artists,Form,2020-05-01,techno,track
365,Various Artists,Psychobanalisis,2020-10-31,techno,track
366,Marek Bois,TSYCHO,2020-05-29,techno,track
367,Van Bonn,Conchord,2020-05-15,techno,track
368,Distant Echoes,Fluorangen,2020-07-31,techno,track
369,Various Artists,Oscuro Presajio - Original Mix,2020-12-26,techno,track
370,Guss Carver,Lake Mars,2020-10-28,techno,track
371,Jörg Rodriguez,Function - Jose Pouj Remix,2020-02-20,techno,track
372,D.A.V.E. The Drummer,No ID - SKiRRA Remix,2020-10-30,techno,track
373,Various Artists,Hallucinate,2020-08-31,techno,track
374,Kitkatone,She Is Coming Home,2020-06-19,techno,track
375,Various Artists,Tree,2020-08-10,techno,track
376,Various Artists,Meet with Suzy Mango,2020-08-17,techno,track
377,Various Artists,North - Voiski Remix,2020-07-31,techno,track
378,Various Artists,Deviation,2020-02-17,techno,track
379,Dave Wesley,Dois,2020-10-25,techno,track
380,Space (GR),Apollo Iv,2020-06-09,techno,track
381,Various Artists,Reactor 4,2020-08-14,techno,track
382,Various Artists,Positron - Armin van Buuren Remix,2020-09-07,techno,track
383,Various Artists,Instinct - Radio Mix,2020-06-29,techno,track
384,Felix Raphael,Opacity,2020-03-13,techno,track
385,Alexskyspirit,Route W42,2020-07-06,techno,track
386,Chez Damier,Can You Feel It - Kevin Saunderson Dub Mix,2020-02-28,techno,track
387,EZEK,Moonlight - Original Mix,2020-11-02,techno,track
388,Stephan Krus,Echoes - Original Mix,2020-02-24,techno,track
389,Various Artists,Back Home - Adam Carling Overdub Rmx,2020-10-12,techno,track
390,Kristoph Galland,Hacienda,2020-12-31,techno,track
391,Atis,Hermaeus Mora,2020-05-06,techno,track
392,Tom Mosler,Shifter,2020-06-21,techno,track
393,Various Artists,Zenith,2020-08-28,techno,track
394,Various Artists,I Wanna Feel You - Algia Remix,2020-03-05,techno,track
395,Halfasser,Avoidance,2020-04-17,techno,track
396,Narcotic 303,I Don't Know Why,2020-06-01,techno,track
397,Various Artists,All The Time,2020-05-18,techno,track
398,Sleeps Everywhere,Ecstasy - CJ Bolland Remix,2020-09-07,techno,track
399,Various Artists,Hotspot,2020-09-25,techno,track
400,DJ Murphy,Vision - Nicolas Cuer Remix,2020-08-04,techno,track
401,Muzarco,Is Your Name Tang Lung? - Paul Bones RMX,2020-01-17,techno,track
402,Nae:Tek,Redefining - Johnny Davison Rmx,2020-06-14,techno,track
403,Sascha Audit,The Priest,2020-08-31,techno,track
404,Various Artists,Stress - Naylo Remix,2020-10-23,techno,track
405,Various Artists,Vetkuro - Original Mix,2020-06-23,techno,track
406,Various Artists,Don Juan - Original Mix,2020-05-08,techno,track
407,Various Artists,Just Dance,2020-03-19,techno,track
408,Various Artists,H-1-A-5-T-0-E,2020-09-21,techno,track
409,Arni,Cell 7 - Original Mix,2020-10-02,techno,track
410,Lady Maru,Basic Acidism - Voga Remix,2020-05-04,techno,track
411,Orion,Lone Light - Mixed,2020-03-11,techno,track
412,Various Artists,Acidology - Claas Herrmann Remix,2020-10-09,techno,track
413,DP-6,Estrella,2020-12-25,techno,track
414,Various Artists,Wake Up,2020-12-28,techno,track
415,Ogend,Exhausted,2020-01-07,techno,track
416,Polygon Prompt,misverstand,2020-02-27,techno,track
417,Various Artists,Throw,2020-02-18,techno,track
418,Batteriebetrieb,Introduction,2020-11-06,techno,track
419,Banel,Nomads - Original mix,2020-02-17,techno,track
420,Andres Gil,Grind - Dezzet Remix,2020-09-21,techno,track
421,Tim Xavier,Cells Interlinked,2020-09-18,techno,track
422,Surt,Fast Transition,2020-06-12,techno,track
423,Various Artists,Initiated Rising,2020-09-28,techno,track
424,Dino Maggiorana,Acid House - Zero Days (Powerhouse Remix),2020-04-27,techno,track
425,Tocadisco,In Love with an Alien,2020-11-06,techno,track
426,Maksim Dark,Stronger,2020-12-04,techno,track
427,Various Artists,Mainframe,2020-02-17,techno,track
428,Various Artists,The Buddah's Ear - Ben Sims Remix,2020-11-30,techno,track
429,Various Artists,Eclipse,2020-06-05,techno,track
430,Various Artists,Upper,2020-12-21,techno,track
431,Various Artists,Andromeda,2020-11-02,techno,track
432,Vynek,I Like It,2020-04-30,techno,track
433,Gotshell,Cepheus - Pulse Plant Remix,2020-08-17,techno,track
434,Various Artists,Dose Four - Original Mix,2020-08-31,techno,track
435,Fermanz,Hidden Voice - Mixed,2020-06-01,techno,track
436,Sopik,My Darkness - MNLR Remix,2020-10-13,techno,track
437,Abbeloos Olivier,Got To Keep On,2020-05-08,techno,track
438,Various Artists,Buscona,2020-10-26,techno,track
439,Chevron,Alright. You Goin' Out Tonight,2020-06-10,techno,track
440,Alessio Pennati,Another Dream Direction,2020-10-23,techno,track
441,Various Artists,Bhava - Original Short Edit,2020-02-28,techno,track
442,DJ Grega,Protoss,2020-11-09,techno,track
443,DJ 3000,Echo of Souls,2020-07-17,techno,track
444,Various Artists,Stoped My Mind,2020-01-17,techno,track
445,Various Artists,Pendulum - Enrico Sangiuliano Remix,2020-10-05,techno,track
446,DJ Dextro,Ancient Whispers,2020-11-17,techno,track
447,Boom Merchant,Heatwave,2020-05-08,techno,track
448,Brian Sanhaji,Out of Context,2020-02-24,techno,track
449,Latmos,Algorytmi,2020-09-14,techno,track
450,Various Artists,The Chainsmoker,2020-11-04,techno,track
451,Various Artists,Pain Relief - Epic Downtempo Live Remix,2020-03-23,techno,track
452,albird,Moro - Mixed,2020-01-16,techno,track
453,Dj Juri,Wild Life-Duke+Muto - Remix,2020-09-08,techno,track
454,Various Artists,Inner Impulses - original mix,2020-12-29,techno,track
455,MAAND,Sour Mash,2020-01-20,techno,track
456,Disco Ball'z,Let's Make Love - Original Mix,2020-08-17,techno,track
457,Koen Groeneveld,Two K Twenty,2020-02-28,techno,track
458,Various Artists,DruckKraft - Neusn Remix,2020-03-31,techno,track
459,Sven Kuhlmann,Energy Drink - Club Mix,2020-11-20,techno,track
460,Omega Drive,Strange,2020-05-08,techno,track
461,Nothing Is Real,How The Night Begins,2020-07-24,techno,track
462,Various Artists,Hereafter - DJ Jock Remix,2020-08-31,techno,track
463,Alessio Pennati,Another Dream Direction,2020-10-23,techno,track
464,Various Artists,I Am Drunk,2020-09-04,techno,track
465,TOBAK,You,2020-06-22,techno,track
466,Various Artists,Task Force One,2020-05-31,techno,track
467,Luca Kallweit,Gravity On Earth,2020-04-08,techno,track
468,Various Artists,South - Extended Mix,2020-07-17,techno,track
469,Various Artists,Perihelion,2020-05-24,techno,track
470,Janne Tavi,Restless,2020-11-26,techno,track
471,Various Artists,Greater Than Less Than - Chicago Loop Remix,2020-05-25,techno,track
472,Whole Story,Grundo,2020-08-12,techno,track
473,Various Artists,Light It Up - Jens O. Remix,2020-02-14,techno,track
474,Various Artists,Precognition,2020-12-15,techno,track
475,Mordio,AESIR,2020-03-13,techno,track
476,Kaiser Souzai,Streamates,2020-12-25,techno,track
477,Deeperwalk,Just Shadow of the Shape - Ikosaeder Rmx,2020-02-24,techno,track
478,Julian Brand,Burnt Alone,2020-05-15,techno,track
479,Various Artists,Reason - Club Mix,2020-12-18,techno,track
480,Various Artists,Mainframe,2020-02-17,techno,track
481,Various Artists,Catch22,2020-11-02,techno,track
482,Various Artists,Man Versus Man - Buchecha Remix,2020-05-18,techno,track
483,Various Artists,Layers,2020-08-21,techno,track
484,Jonas Kopp,Second Transmission from Pleione,2020-10-29,techno,track
485,Tom Hades,Nail,2020-11-06,techno,track
486,Various Artists,Closed System,2020-05-22,techno,track
487,Di Rugerio,The Void - Original Mix,2020-05-11,techno,track
488,Various Artists,Acid Monks,2020-05-08,techno,track
489,Afik Naim,Falling Upright - Kassem Mosse Remix,2020-01-01,techno,track
490,Various Artists,Old Monk,2020-01-27,techno,track
491,Oxycope,Dysprosium,2020-11-11,techno,track
492,Various Artists,Wave 4 - Ort3d Rmx,2020-02-23,techno,track
493,Various Artists,Combine Fragments - Dachshund Remix,2020-04-10,techno,track
494,John Digweed,E.X.P.,2020-04-03,techno,track
495,DP-6,Beach Palms - Indigo Afterhours Redub,2020-12-25,techno,track
496,John P,Mars - Original Mix,2020-11-27,techno,track
497,Don Weber,Contemplate,2020-04-20,techno,track
498,Devid Dega,Medusa - Ronald van Norden Remix,2020-11-13,techno,track
499,The Marx Trukker,Where I Was a Child,2020-02-21,techno,track
500,Various Artists,Fractal mood,2021-12-24,techno,track
501,STX,Dead Empire,2021-02-25,techno,track
502,Various Artists,Follow Me,2021-06-04,techno,track
503,Champas,Flex - Original Mix,2021-04-30,techno,track
504,Sean Deason,Electracid - JGarrett Remix,2021-11-17,techno,track
505,Orlando Voorn,Jupiter Waves - Paul Donton Re Edit,2021-07-12,techno,track
506,Qlons,Digital Paradise,2021-07-18,techno,track
507,Koen Groeneveld,Namopara,2021-02-19,techno,track
508,Various Artists,Yellow Snake,2021-03-26,techno,track
509,Various Artists,Past Life,2021-11-08,techno,track
510,Vytis,Stormy Weather (remix),2021-08-17,techno,track
511,Various Artists,Shiva House - Pinco Remix,2021-09-10,techno,track
512,Koen Groeneveld,No Wind No Rain,2021-10-08,techno,track
513,Inigo Kennedy,Think Tank - Version 3,2021-05-14,techno,track
514,Linear System,Dioxide,2021-09-15,techno,track
515,Antony Doria,Noise,2021-01-29,techno,track
516,Various Artists,Move Your Body,2021-02-17,techno,track
517,Bruce Mennel,Cypher,2021-12-17,techno,track
518,Various Artists,Euronymous,2021-07-08,techno,track
519,Andrew Rayel,South East Love (FYH248),2021-03-17,techno,track
520,Mython,Die Waage,2021-05-28,techno,track
521,SUBSET,An Angel's Line,2021-09-09,techno,track
522,Alexander Kowalski,Crystal Clouds - Original Mix,2021-08-01,techno,track
523,Various Artists,Revolution - Original Mix,2021-06-04,techno,track
524,Sven Kuhlmann,Maybe You - Extended Mix,2021-11-05,techno,track
525,Samuel L Session,The Occupants,2021-03-08,techno,track
526,DJ D ReDD,Some Ppl Ain't Shit - Original Mix,2021-01-14,techno,track
527,Martyn Päsch,No Fear - Geert Remix,2021-08-30,techno,track
528,Alexskyspirit,Waldweg Room - Hattori Hanzo Remix,2021-05-07,techno,track
529,Michel Lauriola,Derive - Original Mix,2021-02-12,techno,track
530,Various Artists,Pushin'me,2021-06-04,techno,track
531,Realm Of Chaos,Osa Tenebrosa,2021-08-06,techno,track
532,Morttagua,Lotus - Morttagua Remix,2021-11-12,techno,track
533,Various Artists,Demo For Jakub,2021-10-01,techno,track
534,Various Artists,A Dissolved Self (Ludvigson Remix),2021-02-26,techno,track
535,Augusto Taito,Slow Increase,2021-06-02,techno,track
536,Various Artists,Assimilation,2021-01-17,techno,track
537,Decorodi,X4 (After),2021-10-01,techno,track
538,Pauke Schaumburg,Dragonfly - Mixed,2021-02-12,techno,track
539,Sopik,I Wanna Feel You - Rework,2021-04-19,techno,track
540,Various Artists,Friend Of Evil - I1 Ambivalent Remix,2021-09-17,techno,track
541,Eddie Fowlkes,Test Unknown,2021-04-09,techno,track
542,Various Artists,Frames of Berlin - Original Mix,2021-05-07,techno,track
543,Duck Sandoval,Yoda - Radio Edit,2021-01-01,techno,track
544,Irene Radice,Umdam,2021-06-04,techno,track
545,Atze Ton,The Cloud,2021-07-09,techno,track
546,Syun Nakano,salmon,2021-06-23,techno,track
547,Sosak,Japanese Number Ten,2021-09-20,techno,track
548,VONDA7,Move It - Meg Ward Remix,2021-09-03,techno,track
549,Lusca,Fake Expectations,2021-09-16,techno,track
550,Various Artists,Walking Robot,2021-06-21,techno,track
551,Various Artists,Extraworld,2021-12-24,techno,track
552,Various Artists,A World In Decay [KHAVA02] - Original Mix,2021-01-18,techno,track
553,Juan Trujillo,MerkabAj,2021-08-23,techno,track
554,Max Delta,Daisy Vibes - Original Mix,2021-02-05,techno,track
555,Felix Bernhardt,Feel Like Flying,2021-10-22,techno,track
556,Rustal,The Fiddlers Funk,2021-09-09,techno,track
557,Various Artists,Force - Original mix,2021-02-05,techno,track
558,Various Artists,Break It Down,2021-11-22,techno,track
559,Kai Pattenberg,Alcoholic Dreams,2021-01-25,techno,track
560,Pyramidal Decode,DMSC3,2021-12-31,techno,track
561,Various Artists,Weeping Leaves - Original Mix,2021-12-31,techno,track
562,Various Artists,Clock Surgeon - Original Mix,2021-06-30,techno,track
563,Various Artists,Meet You,2021-10-01,techno,track
564,Noob,Out Your League,2021-01-01,techno,track
565,Various Artists,Moderation - The Second Sense Remix,2021-11-05,techno,track
566,Disco Ball'z,Line Back,2021-01-13,techno,track
567,Kitkatone,R.U.K.K.A - Original Mix,2021-03-02,techno,track
568,Various Artists,Fungie,2021-11-22,techno,track
569,Mike Dehnert,Endroit,2021-07-27,techno,track
570,[3S],Das Ende,2021-05-28,techno,track
571,Various Artists,Right Here - Dub,2021-09-03,techno,track
572,Irene Radice,Orbit,2021-07-09,techno,track
573,Artur Nikolaev,Oportunidad,2021-12-21,techno,track
574,Various Artists,Satisfied,2021-02-12,techno,track
575,Kai van Dongen,Breathe,2021-08-20,techno,track
576,Filipe Barbosa,Deflected,2021-09-10,techno,track
577,Various Artists,Glow,2021-11-22,techno,track
578,Various Artists,Jet,2021-05-03,techno,track
579,Various Artists,Betrayer - Re-Edit Mix 2,2021-03-26,techno,track
580,A.Paul,Desired Particle,2021-11-30,techno,track
581,Various Artists,Pachucos - Original Mix,2021-02-26,techno,track
582,Various Artists,Hypothalamus,2021-10-21,techno,track
583,Various Artists,Phyxso,2021-06-21,techno,track
584,Various Artists,Vicious Game 2018 - Mark Broom V2 Remix,2021-07-16,techno,track
585,Eric Sneo,Back on Track - 2021 Remastered,2021-07-09,techno,track
586,Various Artists,Colosseo - Original Mix,2021-12-24,techno,track
587,Ricky Cross,Methodical Chain - Linear System Remix,2021-12-03,techno,track
588,Various Artists,Resolving Power,2021-10-08,techno,track
589,Various Artists,Not Enough - Darmec Remix,2021-07-13,techno,track
590,Various Artists,Mesmerizing Desolation - Original Mix,2021-07-08,techno,track
591,Yokushe,Slime Eater,2021-07-27,techno,track
592,Toxic D.N.A,Adrik - Original Mix,2021-12-13,techno,track
593,Various Artists,Assimilation - Marcibagoly Rmx,2021-01-17,techno,track
594,Kitkatone,Knife - Original Mix,2021-03-02,techno,track
595,Jono McCleery,Panther,2021-10-29,techno,track
596,Various Artists,Development,2021-01-22,techno,track
597,Carara,A New Black Chapter - Dann at Bridges Remix,2021-07-31,techno,track
598,SpockNinja,The System Lives In Me,2021-04-29,techno,track
599,Isabela Clerc,Revolution,2021-08-09,techno,track
600,Isabela Clerc,Revolution,2021-08-09,techno,track
601,Various Artists,Teenage Tricks,2021-02-26,techno,track
602,Odopt,Sample Commerce Shot,2021-04-09,techno,track
603,Various Artists,Intelect,2021-07-27,techno,track
604,Various Artists,Solar - Pulse Plant Remix,2021-02-01,techno,track
605,Niño Árbol,HHHH,2021-11-15,techno,track
606,Morttagua,Amor - TouchTalk Remix,2021-11-05,techno,track
607,Luca Kallweit,War In My Mind,2021-02-01,techno,track
608,Various Artists,Correction Centre A,2021-10-29,techno,track
609,Svarog,Passengers - Booz Remix,2021-06-07,techno,track
610,Marco Ginelli,Remembering Of Hiroshima - Kai Pattenberg Remix,2021-06-07,techno,track
611,Various Artists,Lacidus,2021-10-21,techno,track
612,Morttagua,Urania - Gai Barone Remix,2021-11-05,techno,track
613,Alexskyspirit,Mysticism - Original Mix,2021-07-15,techno,track
614,Various Artists,Invasor,2021-01-25,techno,track
615,Jakub Rene Kosik,Cassiopeia,2021-07-30,techno,track
616,Various Artists,The Outsider,2021-10-21,techno,track
617,Marco Leckber,Simplicity - Original Mix,2021-07-02,techno,track
618,Greg Denbosa,Before the Flood,2021-11-21,techno,track
619,R.Hz,Gleam,2021-11-25,techno,track
620,X23,It Will Happen,2021-03-27,techno,track
621,Pal-E,Unexpected Voyages,2021-07-02,techno,track
622,Tektoys,Road mermaids,2021-06-10,techno,track
623,Various Artists,Flower Field,2021-08-06,techno,track
624,Various Artists,Daydreaming,2021-04-02,techno,track
625,Disco Ball'z,Bring It Down,2021-11-26,techno,track
626,Various Artists,Techno Is Religion - Gemelle Remix,2021-01-04,techno,track
627,Bongani,Sprout - Mixed,2021-02-15,techno,track
628,Various Artists,Dark Sensation,2021-05-07,techno,track
629,Dense & Pika,Shine,2021-02-26,techno,track
630,JLTZ,Crusher,2021-08-30,techno,track
631,Various Artists,Strong Wind,2021-10-15,techno,track
632,Various Artists,Off Real Cocaine,2021-08-03,techno,track
633,DP-6,Rainy Day - Rainy Version - Mixed,2021-07-23,techno,track
634,Various Artists,Back Home - Adam Carling Overdub Rmx,2021-02-14,techno,track
635,Various Artists,Ready to Fly - Stereo Underground Remix,2021-12-31,techno,track
636,James Warren,Uprising - Mixed,2021-07-26,techno,track
637,Morttagua,Starchild - Morttagua Remix,2021-11-12,techno,track
638,Various Artists,Mistaken,2021-12-20,techno,track
639,Various Artists,LRS04.15,2021-09-28,techno,track
640,Various Artists,Hale Bopp - Eternity Variation,2021-08-24,techno,track
641,Kristof Du Jardin,Ground Zero,2021-12-10,techno,track
642,Uto Karem,Code Black,2021-03-12,techno,track
643,Cliche Morph,Explosion,2021-07-16,techno,track
644,Various Artists,Gravity,2021-04-28,techno,track
645,Various Artists,Basslevel,2021-10-18,techno,track
646,Various Artists,Van Allen Belt - Carles DJ Remix,2021-01-12,techno,track
647,Various Artists,Notorio Urkel,2021-12-01,techno,track
648,Various Artists,Let's Go - Original Club Mix,2021-06-11,techno,track
649,Various Artists,Innerspace,2021-12-24,techno,track
650,Various Artists,Order of Chaos,2021-05-28,techno,track
651,Ryogo Yamamori,Tulips,2021-02-22,techno,track
652,Various Artists,Hallucinations,2021-12-31,techno,track
653,Various Artists,Lullaby,2021-01-08,techno,track
654,Paul van Dyk's Sunday Sessions,4ever (Sunday Sessions 046),2021-05-16,techno,track
655,Various Artists,Spiral,2021-12-17,techno,track
656,Ryogo Yamamori,Fast Forward,2021-12-16,techno,track
657,Various Artists,Cross,2021-05-07,techno,track
658,Flow & Zeo,Terra - 3D Binaural Audio,2021-02-19,techno,track
659,Qlons,Stellar Code,2021-02-21,techno,track
660,Various Artists,Apostle,2021-11-07,techno,track
661,Air Jackson,Jungle,2021-07-05,techno,track
662,DJ Dextro,Refocusin,2021-10-15,techno,track
663,Sven Kuhlmann,Maybe You - Single Mix,2021-11-05,techno,track
664,Bass Cvlt,Death Is Better - Original Mix,2021-02-15,techno,track
665,Various Artists,Idealizing - Unus Emre Rmx,2021-05-20,techno,track
666,Various Artists,Hand In Hand,2021-12-24,techno,track
667,Lützenkirchen,Flame Butt,2021-03-05,techno,track
668,REVM,Anxiety,2021-01-28,techno,track
669,Remute,Ich Funktionier,2021-03-03,techno,track
670,D Loudon,Bloom,2021-12-03,techno,track
671,Don Weber,Martirio - Marcello Perri Remix,2021-12-10,techno,track
672,Zeltak,The Conjuring - Hannes Matthiessen Remix,2021-03-05,techno,track
673,Various Artists,Magnetic Fields,2021-04-25,techno,track
674,Omega Drive,Control Your Mind,2021-04-05,techno,track
675,Phalguna Somraj,Eleven - Kerabo Remix,2021-11-05,techno,track
676,Various Artists,Alexis - Drumsauw Remix,2021-03-08,techno,track
677,John P,Kovid91,2021-01-11,techno,track
678,Goa Doc,Why So Serious - Progressive Fullon 2021 DJ Mixed,2021-03-14,techno,track
679,Various Artists,Slender 1,2021-04-19,techno,track
680,Patrick Zigon,Stadt Ohne Seele - Mathias Schaffhauser's Return Of The Soul Remix,2021-12-10,techno,track
681,Various Artists,Cracker - Tony Kairom Remix,2021-10-22,techno,track
682,Various Artists,Truce - Abstrakt (UK) Remix,2021-08-18,techno,track
683,Gustavo Lamas,Enamorados,2021-02-19,techno,track
684,Alejandro Franco,Sueño Paradoxal - Ricardo Garduno Remix,2021-07-26,techno,track
685,Repart,Epoch,2021-12-16,techno,track
686,Various Artists,Hungarian Minimal - Gege Remix,2021-05-02,techno,track
687,Various Artists,It's Always Felt Good,2021-06-21,techno,track
688,Various Artists,Titain - Original Mix,2021-06-16,techno,track
689,Various Artists,The First Revolution,2021-11-10,techno,track
690,Various Artists,Mysterium - Original Mix,2021-03-05,techno,track
691,Various Artists,Ketron,2021-04-19,techno,track
692,Disco Ball'z,Evil Beat - Original Mix,2021-08-06,techno,track
693,Evan De Novellis,Self - Original Mix,2021-07-30,techno,track
694,Various Artists,Yugen,2021-09-06,techno,track
695,Van Dexter,For Fucks Sake,2021-04-30,techno,track
696,Optimuss,Code 69 - Original Mix,2021-03-01,techno,track
697,A Thousand Details,Tuzk Tza Tzuk Tza,2021-05-31,techno,track
698,Roman Faero,Control Me - Original Mix,2021-06-14,techno,track
699,Robert Babicz,Blood Hunter,2021-10-06,techno,track
700,Omega Drive,Submission,2021-10-06,techno,track
701,Mononoid,Primary Loop - Original Mix,2021-01-25,techno,track
702,Various Artists,Lidocaine,2021-01-25,techno,track
703,Coeter One,Gone,2021-09-13,techno,track
704,Various Artists,Broken Voices - Original Mix,2021-12-10,techno,track
705,Van Dexter,For Fucks Sake,2021-04-30,techno,track
706,Various Artists,Kati - Sykes Ben Remix,2021-01-08,techno,track
707,Various Artists,Omnipresence in the Wired,2021-02-26,techno,track
708,Various Artists,Kick It Down,2021-04-07,techno,track
709,Various Artists,Holding Environment,2021-09-16,techno,track
710,Various Artists,Autonoesis 4.0 - Microlot Suburban Nights Rmx,2021-08-26,techno,track
711,Eric Sneo,Burning Angels - Rework [Remastered],2021-05-21,techno,track
712,Jörg Rodriguez,FM Amt,2021-08-13,techno,track
713,Various Artists,Minuteman,2021-10-22,techno,track
714,Arnaud Le Texier,Radical - Original Mix,2021-03-15,techno,track
715,Various Artists,Annapurna,2021-08-26,techno,track
716,Duck Sandoval,I'll Take Your Dead - Original Mix,2021-02-13,techno,track
717,Various Artists,Keops,2021-09-08,techno,track
718,Various Artists,Mujoh,2021-11-12,techno,track
719,Various Artists,Pray 4 You,2021-01-07,techno,track
720,galiLeo,Luna,2021-12-10,techno,track
721,Mode_1,Viper,2021-01-28,techno,track
722,SUBSET,Resetter,2021-09-09,techno,track
723,Various Artists,Maitreyi,2021-05-20,techno,track
724,TWR72,Assemble - Original Mix,2021-05-21,techno,track
725,Various Artists,12 DAYS LEFT - Loco & Jam Remix,2021-02-08,techno,track
726,Neil Landstrumm,127,2021-06-11,techno,track
727,Hefty,Panic Room - Original Mix,2021-06-18,techno,track
728,Kai Pattenberg,Alcoholic Dreams,2021-01-25,techno,track
729,Various Artists,Unspeakable Things - Paul Mac Remix,2021-07-16,techno,track
730,99LETTERS,Doutonbori Organ,2021-09-17,techno,track
731,Various Artists,The Call,2021-01-11,techno,track
732,Various Artists,Battlefield,2021-06-21,techno,track
733,Various Artists,Boonmee,2021-02-05,techno,track
734,Modular Phaze,Cthulhu Awaits - Monolyth Remix,2021-09-10,techno,track
735,Aitor Ronda,Orgonita - Dassent Matter Remix,2021-10-15,techno,track
736,Concha,Namusii,2021-11-11,techno,track
737,Various Artists,I Say-Rave!!! - BRT (HU) Remix,2021-03-29,techno,track
738,Various Artists,Repulsar - Original Mix,2021-01-01,techno,track
739,Filipe Barbosa,Lasi,2021-09-10,techno,track
740,Various Artists,You Never Heard Of Me [KHAVA01],2021-01-20,techno,track
741,SUBSET,Corruption of Form - Marcus Groos Rmx,2021-08-27,techno,track
742,Various Artists,Darkness - Manu Riga & Phi Phi Remix,2021-11-05,techno,track
743,Vytis,Ancient Warrior,2021-08-17,techno,track
744,Various Artists,Room Number 3 - Original Mix,2021-09-10,techno,track
745,Alfredo92,Air Stone,2021-11-18,techno,track
746,exploSpirit,Abnormal - Original Mix,2021-07-02,techno,track
747,Sven Kuhlmann,Maybe You - Sven Kuhlmann Less Vocals Mix,2021-11-05,techno,track
748,Various Artists,Raw - Simina Grigoriu & Moe Danger Remix,2021-11-12,techno,track
749,Alexskyspirit,Mysticism - Original Mix,2021-07-15,techno,track
750,Various Artists,Tiefe,2022-12-16,techno,track
751,Andreas Foxx,Hypnos - Foxx Story Mixx,2022-12-30,techno,track
752,Nicolas Masseyeff,Orphan,2022-11-25,techno,track
753,Various Artists,Sem Taxa,2022-03-18,techno,track
754,Derek Carr,Dione,2022-03-14,techno,track
755,Various Artists,Autonoesis 4.0 - Aschella Rmx,2022-06-03,techno,track
756,Various Artists,The Darkened Spire - Dubrovnik (UK) Rmx,2022-01-14,techno,track
757,Balrog,Slagheap Society,2022-02-14,techno,track
758,MiniTech Project,Never Ending,2022-10-19,techno,track
759,Various Artists,I Think - Extended Mix,2022-02-02,techno,track
760,Unique 3,Feels All Good - Remastered,2022-10-03,techno,track
761,Modular Phaze,War Attrition - Dead Tapes Remix,2022-11-18,techno,track
762,Various Artists,Pseudopathological - Original Mix,2022-12-30,techno,track
763,Giacomo Stallone,Panic Symptom - Original Mix,2022-01-28,techno,track
764,Various Artists,Blow Your Cool - Extended Mix,2022-10-07,techno,track
765,La Fraicheur,Meeting Points,2022-05-16,techno,track
766,+plattform,End,2022-03-11,techno,track
767,DJ Shog,Turn Off The Lights - Instrumental Mix,2022-07-01,techno,track
768,Aki Latvamäki,Arp Tetris,2022-12-16,techno,track
769,Kill Your Idols,X - Ayako Mori Remix,2022-10-14,techno,track
770,Various Artists,Sculptural Curve - Adam Carling Rmx,2022-02-11,techno,track
771,SP012,HITCHHIKER,2022-07-06,techno,track
772,Various Artists,Anxiety Attack,2022-10-14,techno,track
773,Linear System,Nebula - Original Mix,2022-06-03,techno,track
774,L/F/D/M,Frozen Clink Kids,2022-03-09,techno,track
775,Dario Sorano,Bisk - Original Mix,2022-08-12,techno,track
776,Cemento,Misshappen Hype - Original,2022-07-01,techno,track
777,Various Artists,Forest,2022-12-16,techno,track
778,19.85,Im Sick Of It,2022-08-19,techno,track
779,Vernon Bara,Whistleblower - Original Mix,2022-07-18,techno,track
780,Various Artists,Surd - Original Mix,2022-07-14,techno,track
781,Various Artists,Circular Pool,2022-11-28,techno,track
782,Various Artists,Perception - Original Mix,2022-09-09,techno,track
783,Various Artists,TM Reloaded,2022-07-15,techno,track
784,Various Artists,Warning,2022-01-28,techno,track
785,Gotshell,Storange VII,2022-09-30,techno,track
786,Various Artists,Promised Land,2022-10-07,techno,track
787,Various Artists,Blindflug,2022-06-24,techno,track
788,Cavüm,Involvment,2022-09-15,techno,track
789,Tawa Girl,Dark Time - Miss Mana Remix,2022-07-08,techno,track
790,R.Hz,Acceleration - Alexander Bogdanov Rmx,2022-04-22,techno,track
791,Omega Drive,Pandemonium,2022-05-13,techno,track
792,Sascha Audit,Destination,2022-06-10,techno,track
793,Various Artists,Myth - Absent Remix,2022-10-07,techno,track
794,Various Artists,Industrial Mind,2022-04-06,techno,track
795,Alexey Sonar,The Ocean Song - Mixed,2022-10-07,techno,track
796,Various Artists,Drifting,2022-08-26,techno,track
797,DoctorSpook,Dark Heart (Techno House 2021 Mix) - Mixed,2022-09-09,techno,track
798,Various Artists,Contact Barrier,2022-11-04,techno,track
799,Danny Fontana,Distance,2022-06-10,techno,track
800,Various Artists,My Kinda Rush,2022-12-12,techno,track
801,Various Artists,X,2022-12-30,techno,track
802,Various Artists,Kaneda - Original Mix,2022-07-28,techno,track
803,Omega Drive,Defended Lowered,2022-06-09,techno,track
804,Various Artists,Metamorphosis,2022-12-16,techno,track
805,Anton Kubikov,September Touch,2022-07-07,techno,track
806,PHNTM,Don't Wait - Extended Mix,2022-06-24,techno,track
807,Various Artists,Promised Land,2022-12-16,techno,track
808,Tonikattitude,No War To Game - SDYK Remix,2022-12-02,techno,track
809,Various Artists,Evicted,2022-11-04,techno,track
810,Pyramidal Decode,Corrosione - Original Mix,2022-05-27,techno,track
811,Various Artists,Newtown Dusk,2022-01-21,techno,track
812,Various Artists,Dephn - Original Mix,2022-08-19,techno,track
813,Virgil Enzinger,Fermion Debris,2022-11-21,techno,track
814,Cristian Glitch,Hoba,2022-02-04,techno,track
815,Israel Toledo,Encounter,2022-09-12,techno,track
816,Hefty,Civilian Decimation,2022-09-30,techno,track
817,Eugen Kunz,Inglourious - FortyTwo Remix,2022-07-21,techno,track
818,Alexey Sonar,The Resistance - Mixed,2022-05-06,techno,track
819,Zaphy,A UFO - Bassiks Remix,2022-09-17,techno,track
820,Vroda,Nadzieja,2022-09-05,techno,track
821,Alberto Ruiz,Ocular - BL.CK Remix,2022-07-31,techno,track
822,KAHAN,Make Them Suffer Just Like They Did,2022-07-16,techno,track
823,Various Artists,Cream Caramel,2022-09-08,techno,track
824,Dorian Knox,Caution - Wet,2022-03-11,techno,track
825,Various Artists,Dinamo,2022-10-22,techno,track
826,Lotech/Hijack,Water Dreams,2022-02-04,techno,track
827,Various Artists,Aliens,2022-01-14,techno,track
828,Various Artists,Let Us Go - Extended Mix,2022-11-04,techno,track
829,Marek Bois,Druma,2022-12-16,techno,track
830,Various Artists,Mythic,2022-11-04,techno,track
831,Various Artists,No Choice,2022-12-11,techno,track
832,Dan Morris,Hack,2022-05-18,techno,track
833,Yokushe,Exceller Acid,2022-10-27,techno,track
834,Various Artists,Myriads,2022-12-09,techno,track
835,Sergy Casttle,Techno Compaq,2022-02-04,techno,track
836,Vynek,Color Glitch - Radio Edit,2022-10-28,techno,track
837,Various Artists,The Living Night,2022-05-20,techno,track
838,Various Artists,Voyager,2022-01-21,techno,track
839,Various Artists,The King Of Minimal,2022-09-08,techno,track
840,Alberto Ruiz,Macd,2022-07-08,techno,track
841,Various Artists,Refugeerator,2022-12-01,techno,track
842,Hush & Sleep,These salty tears,2022-10-23,techno,track
843,Various Artists,Better Late Than Never,2022-02-14,techno,track
844,Various Artists,Drug Addiction,2022-09-29,techno,track
845,Mari Mattham,Alter x,2022-06-13,techno,track
846,Amber Long,Train to Tehran - Sabo Remix - Mixed,2022-06-17,techno,track
847,Various Artists,Addicted - Lando Riske Remix,2022-02-03,techno,track
848,Various Artists,Funk Decision - Extended Mix,2022-01-28,techno,track
849,Various Artists,Kronos - Extended Mix,2022-06-17,techno,track
850,DJ Stompy,Find Me (Stomping To The Hardcore),2022-04-15,techno,track
851,Various Artists,No Choice,2022-12-11,techno,track
852,Various Artists,Make The Sun Rise - Woody van Eyden Extended Remix,2022-12-12,techno,track
853,Baxsta,Seclusion,2022-03-25,techno,track
854,Amber Long,Train to Tehran - Sabo Remix - Mixed,2022-06-17,techno,track
855,Various Artists,Drug Addiction,2022-09-29,techno,track
856,Various Artists,Newtown Dusk,2022-01-21,techno,track
857,Various Artists,Hostile Reference,2022-01-07,techno,track
858,Israel Toledo,Encounter,2022-09-12,techno,track
859,Various Artists,Breakpoint,2022-01-17,techno,track
860,Various Artists,Non-Locality - Ronin O'Blivion Remix,2022-06-05,techno,track
861,Vytis,Time In Ambience,2022-04-02,techno,track
862,TST: The Southern Tenant,The Full Moon Disco,2022-09-30,techno,track
863,Mari Mattham,Alter x,2022-06-13,techno,track
864,Various Artists,Endless Nights,2022-05-06,techno,track
865,Various Artists,Dimension Slip - Jeroen Search Remix,2022-06-24,techno,track
866,Various Artists,Fluid System - Refracted Remix,2022-07-14,techno,track
867,Virgil Enzinger,Fermion Debris,2022-11-21,techno,track
868,Cohuna Beatz,Summer Of 22 (feat. Michele Adamson) - VIP Mix,2022-12-02,techno,track
869,Anton Kubikov,September Touch,2022-07-07,techno,track
870,Vernon Bara,Whistleblower - Original Mix,2022-07-18,techno,track
871,Riemann,Riemann Acid Techno 1 - Sample Pack Demo Song,2022-08-05,techno,track
872,Atze Ton,Get it Back,2022-04-22,techno,track
873,Various Artists,Neutra,2022-10-14,techno,track
874,Various Artists,Conscious Systems,2022-12-30,techno,track
875,Dorian Knox,Caution - Wet,2022-03-11,techno,track
876,Omega Drive,Never Ends,2022-11-24,techno,track
877,Tektoys,Mnogolik,2022-07-09,techno,track
878,Various Artists,Life Is Always New - Dub Mix,2022-08-19,techno,track
879,Dense & Pika,From Nothing - Luciid Remix,2022-07-01,techno,track
880,Various Artists,Underneath (feat. Linney),2022-12-02,techno,track
881,Various Artists,Molotonic Beats,2022-03-04,techno,track
882,Sven Sossong,This Is It !,2022-06-17,techno,track
883,Various Artists,Evology,2022-02-17,techno,track
884,Various Artists,Critical,2022-08-10,techno,track
885,Various Artists,My Dark Materials,2022-10-21,techno,track
886,Flow & Zeo,Saturn - Morttagua Remix,2022-07-01,techno,track
887,John Plaza,Kricket - Original Mix,2022-04-26,techno,track
888,Alexey Sonar,Crazy Thoughts - Mixed,2022-07-15,techno,track
889,Various Artists,Gravity - Furia Remix,2022-10-21,techno,track
890,Various Artists,Organisation - Alan Prosser Remix,2022-09-30,techno,track
891,Morttagua,Tesla,2022-10-20,techno,track
892,Various Artists,Unstable,2022-06-30,techno,track
893,Cosmic Gate's Wake Your Mind Radio,We Got The Fire (WYM416),2022-03-28,techno,track
894,Various Artists,Caged Animal,2022-12-30,techno,track
895,Balad,Needful Things - Mixed,2022-07-20,techno,track
896,Various Artists,Galaxy Storm,2022-12-30,techno,track
897,Various Artists,Shadows - George Alhabel Remix,2022-07-08,techno,track
898,Kai Pattenberg,Transporter,2022-07-13,techno,track
899,Various Artists,Symbiotic,2022-04-25,techno,track
900,Various Artists,Phaius,2022-03-25,techno,track
901,Various Artists,Holy Company,2022-01-15,techno,track
902,Andre Keller,Become One,2022-10-21,techno,track
903,Various Artists,Aliens,2022-01-14,techno,track
904,Various Artists,Do You Feel - Original Mix,2022-12-23,techno,track
905,Various Artists,Just Dont Wanna Live Anymore,2022-10-21,techno,track
906,Various Artists,Decollo 5.0 - Percival Rmx,2022-05-06,techno,track
907,Yasuo Sato,Acid Valid,2022-09-02,techno,track
908,Norberto Lusso,Time to Desires,2022-02-22,techno,track
909,/DL/MS/,Mountains - 214 Remix,2022-12-05,techno,track
910,Ron Elliot,Time,2022-04-08,techno,track
911,David Moleon,Piti the best,2022-05-27,techno,track
912,Various Artists,Promised Land,2022-10-07,techno,track
913,Various Artists,Decipher,2022-02-11,techno,track
914,RODRO,Lonely Dance,2022-03-20,techno,track
915,Various Artists,Industrial Mind,2022-04-06,techno,track
916,Various Artists,Baumhaus - The Mole Mix,2022-11-11,techno,track
917,Various Artists,Going Outside - Live Version,2022-03-11,techno,track
918,Various Artists,A Change's Gonna Come - Extended Mix,2022-07-15,techno,track
919,Various Artists,Rhythm City,2022-02-09,techno,track
920,Various Artists,"Dantze, Boy",2022-05-20,techno,track
921,Darknezz,Secret Gun,2022-03-16,techno,track
922,Various Artists,Breathing Exercise,2022-02-21,techno,track
923,Various Artists,Day 'N Nite - Scott Diaz Mighty Mix,2022-09-09,techno,track
924,Various Artists,Raw,2022-05-06,techno,track
925,Various Artists,Hear Me Out - Extended Mix,2022-10-14,techno,track
926,Various Artists,Sleaze,2022-10-14,techno,track
927,Various Artists,You Can,2022-01-14,techno,track
928,Van Dexter,Ground Zero - Original Mix,2022-05-23,techno,track
929,Various Artists,Sanydany,2022-05-31,techno,track
930,Various Artists,Desperation,2022-04-15,techno,track
931,Various Artists,Hit And Run,2022-12-16,techno,track
932,Chris Moss Acid,Beat String,2022-08-13,techno,track
933,Morttagua,Epic of Gilgamesh,2022-03-04,techno,track
934,Various Artists,Blacklist - Linuz Remix,2022-09-10,techno,track
935,Morttagua,Yahyel,2022-10-20,techno,track
936,Various Artists,Gleam - SUBSET's Gleaming the Cube Mix,2022-11-04,techno,track
937,Vynek,Bumble Bee - Radio Edit,2022-10-28,techno,track
938,DP-6,Reflections - Instrumental,2022-04-08,techno,track
939,Pyramidal Decode,Constant formation,2022-05-13,techno,track
940,Primary Substance,Mir,2022-11-10,techno,track
941,Various Artists,Spank Me Later,2022-02-04,techno,track
942,Various Artists,Inferno,2022-10-21,techno,track
943,Various Artists,Glossy Center,2022-12-16,techno,track
944,Jose Baher,The Darknees,2022-11-15,techno,track
945,Various Artists,Into The Wormhole (Extended Version),2022-03-18,techno,track
946,Various Artists,Inspiration,2022-01-07,techno,track
947,Various Artists,Stuvade Makaroner,2022-02-25,techno,track
948,MPathy,Cognizance - Mixed,2022-04-27,techno,track
949,Gene Karz,Back To Back,2022-12-16,techno,track
950,Groof,Play - a,2022-07-08,techno,track
951,Hans Bouffmyhre,Normality,2022-10-28,techno,track
952,R.Hz,Reshape,2022-10-22,techno,track
953,Various Artists,Blunt - F-Lame Remix,2022-10-15,techno,track
954,Carara,48PPQ - Modern Dynamic Remix,2022-06-27,techno,track
955,Mstep,Adversarial Attack,2022-10-17,techno,track
956,Various Artists,Easy Way - Javi Bora Remix,2022-11-25,techno,track
957,Artur Nikolaev,Jnug Gains,2022-03-11,techno,track
958,Orion,Control Symmetry,2022-11-22,techno,track
959,Israel Toledo,Testing Filters,2022-04-15,techno,track
960,ALESSANDRO ZINGRILLO,Cometa,2022-10-23,techno,track
961,Various Artists,Are You Ready,2022-04-18,techno,track
962,Various Artists,Movin Up,2022-12-30,techno,track
963,Yokushe,Reborn Acid,2022-08-15,techno,track
964,Hefty,Free Fire Zone,2022-09-30,techno,track
965,Paul van Dyk’s VONYC Sessions,Far Behind (VONYC Sessions 831),2022-10-24,techno,track
966,Various Artists,Controlled Sine,2022-04-04,techno,track
967,Various Artists,Dark Moon,2022-02-18,techno,track
968,Omega Drive,These Walls,2022-09-08,techno,track
969,Various Artists,Northern Stargazer,2022-08-26,techno,track
970,Dark Quadrant,Hypothetical,2022-01-24,techno,track
971,Modular Phaze,Digitally Absorbed - Original Mix,2022-04-22,techno,track
972,Matt Mus,Exhale In London - DJ Dextro Remix,2022-04-01,techno,track
973,Various Artists,G-Wave - Roberto Figus Rmx,2022-04-08,techno,track
974,Darknezz,Omega,2022-03-18,techno,track
975,Various Artists,Love and Hate - Original Mix,2022-11-25,techno,track
976,Various Artists,Justice - Devil Maurini Remix,2022-12-09,techno,track
977,Qoso,Wicked Nap,2022-07-17,techno,track
978,Various Artists,Turn The Lights - Alessandro Grops Remix,2022-08-26,techno,track
979,Various Artists,Ruya,2022-10-14,techno,track
980,Various Artists,Amalthea - Kevin De Vries Version,2022-08-26,techno,track
981,Various Artists,Genos,2022-01-14,techno,track
982,Asllan,Hope - Bumho’s Exodus Mix,2022-12-01,techno,track
983,Various Artists,Mutation - Original Mix,2022-09-16,techno,track
984,Various Artists,Creeping 303 - SERi Remix,2022-11-18,techno,track
985,Sean & Dee,Portal - Mixed,2022-03-10,techno,track
986,Adam Jay,Begin Simulation,2022-12-02,techno,track
987,A Thousand Details,Weight Carrier,2022-08-26,techno,track
988,Various Artists,The Intimate Room - dirty4mat Rmx,2022-03-11,techno,track
989,Various Artists,The Losers Sound - Titanium Remix,2022-11-11,techno,track
990,Van Dexter,Six feet under - Original Mix,2022-09-02,techno,track
991,Various Artists,Around the World - Milk Bar Remix,2022-04-22,techno,track
992,Various Artists,Fly Away,2022-02-03,techno,track
993,Carara,Raw Life - Sandro Galli Remix,2022-04-15,techno,track
994,Various Artists,Concept (Touchtalk Remix),2022-11-18,techno,track
995,Oliver Rosemann,Dead Ball,2022-06-17,techno,track
996,Various Artists,Gato - Original Mix,2022-05-09,techno,track
997,Various Artists,Brilliant Collapse,2022-10-21,techno,track
998,Alberto Ruiz,Orbe - Andrea Signore Remix,2022-02-07,techno,track
999,Various Artists,Last Blue,2022-05-13,techno,track
1000,Various Artists,I Will Fly (Extended Mix),2023-12-15,techno,track
1001,Van Czar,Taurus,2023-06-16,techno,track
1002,Sept,Passing The Ninth Gate,2023-04-21,techno,track
1003,FAST BASSTON,BOY'S A LIAR PT. 2 - (TECHNO SPED UP),2023-03-17,techno,track
1004,Various Artists,Chocolat,2023-08-04,techno,track
1005,Various Artists,Ship on Fire,2023-02-10,techno,track
1006,D-Shake,Techno Trance (Paradise is Now),2023-07-03,techno,track
1007,Outblast,Cruel King,2023-01-22,techno,track
1008,Various Artists,Ocean Swells A,2023-03-24,techno,track
1009,Monarke,Falling Together - Mixed,2023-06-21,techno,track
1010,Onelas,So Sexy - Original Mix,2023-07-29,techno,track
1011,Various Artists,Pulse Your Hands - Audiofly X Remix,2023-03-24,techno,track
1012,Various Artists,Revolution,2023-10-06,techno,track
1013,Hanubis,Berlin Platz,2023-02-24,techno,track
1014,Mr. Dello,PQV - Original,2023-03-24,techno,track
1015,HYPERAVE,DZANUM - HYPERTECHNO,2023-09-19,techno,track
1016,Various Artists,Ametista - Original Mix,2023-09-01,techno,track
1017,Various Artists,Wnsw - Original Mix,2023-11-10,techno,track
1018,Various Artists,Distant Footsteps,2023-10-18,techno,track
1019,Various Artists,Polymoon,2023-06-23,techno,track
1020,John Plaza,Star,2023-03-31,techno,track
1021,Disco Ball'z,Dat Sound Again - Radio Mix,2023-10-06,techno,track
1022,HYPERAVE,HIGH ENOUGH - HYPERTECHNO SPED UP,2023-10-13,techno,track
1023,Angermund,Check It Out,2023-11-17,techno,track
1024,Morttagua,Ouroboros - Matan Caspi Remix,2023-03-17,techno,track
1025,Various Artists,I Think - Extended Mix,2023-10-06,techno,track
1026,Various Artists,Void - Extended Mix,2023-08-25,techno,track
1027,Outblast,Running and Running Again (Reprise),2023-01-26,techno,track
1028,Various Artists,Look at That Horse - Axel Picodot Remix,2023-02-17,techno,track
1029,Various Artists,Psychokiller (this is the end),2023-11-13,techno,track
1030,Progression (UK),Keep Digging,2023-03-24,techno,track
1031,Photonz,The Sun and the Moon - Cigarra Remix,2023-06-16,techno,track
1032,Kreisel,Redemption,2023-04-14,techno,track
1033,Duck Sandoval,Destiny,2023-08-21,techno,track
1034,Stroka,Tempo,2023-08-04,techno,track
1035,Carara,Clear Ambiguity,2023-05-05,techno,track
1036,Various Artists,Rhythm Motion,2023-08-11,techno,track
1037,Mutecell,Vatikan,2023-08-25,techno,track
1038,Ig Noise,Decontrol - Original Mix,2023-12-09,techno,track
1039,HYPERAVE,ROUND ROUND - HYPERTECHNO SPED UP,2023-10-13,techno,track
1040,Various Artists,The Creature,2023-08-25,techno,track
1041,Paul Lennar,Aira,2023-09-01,techno,track
1042,Various Artists,Mystica,2023-01-20,techno,track
1043,Israel Toledo,Koma,2023-06-23,techno,track
1044,Various Artists,Chronosphere,2023-01-13,techno,track
1045,Various Artists,Koi no Beginner,2023-11-15,techno,track
1046,Will You,Binocular Vision - Mixed,2023-02-06,techno,track
1047,Carlos Perón,Doktor Mabuse ist zurück,2023-10-03,techno,track
1048,Various Artists,Triton,2023-06-16,techno,track
1049,SUBSET,Wave1 - Ekstendia Rmx,2023-06-08,techno,track
1050,Lee Holman,XX 14 B2,2023-10-13,techno,track
1051,Various Artists,Loser,2023-08-11,techno,track
1052,Intents Festival,Energy 1996,2023-06-02,techno,track
1053,Inigo Kennedy,Tribulations - Dawn Razor Remix,2023-01-17,techno,track
1054,Inigo Kennedy,Tribulations,2023-01-17,techno,track
1055,Various Artists,Sabaid,2023-08-25,techno,track
1056,Marc Molina,Drift,2023-06-26,techno,track
1057,Various Artists,Midnight,2023-05-26,techno,track
1058,Various Artists,Slide Inwards,2023-04-21,techno,track
1059,Various Artists,Tempest,2023-08-11,techno,track
1060,Outblast,Bad Fight,2023-01-22,techno,track
1061,Thales Constantini,Imagine The Things We Do,2023-11-28,techno,track
1062,Van Dexter,Digitalis - Original Mix,2023-07-10,techno,track
1063,Various Artists,Snare Maschine - Original Mix,2023-11-24,techno,track
1064,TECHNO N TEQUILLA,TURN ALL THE LIGHTS ON (TECHNO SLOWED + REVERB),2023-05-05,techno,track
1065,Various Artists,Brow,2023-06-02,techno,track
1066,Morttagua,Kondras,2023-12-22,techno,track
1067,Repart,Dagda - Martyn Päsch Remix,2023-03-10,techno,track
1068,Entel,Dream Seeker - Extended Mix,2023-08-18,techno,track
1069,Arnaud Le Texier,Plop,2023-04-28,techno,track
1070,Ripperton,Pixelgirl - C2 Remix,2023-05-10,techno,track
1071,Various Artists,Gwiazdy blask,2023-10-06,techno,track
1072,Various Artists,Zero Day,2023-10-09,techno,track
1073,Omega Drive,Giants,2023-03-30,techno,track
1074,C-System,Macrodeath,2023-03-03,techno,track
1075,Buzzi,Ice Powder,2023-01-09,techno,track
1076,Various Artists,Binocular Vision,2023-01-05,techno,track
1077,Clemens Neufeld,Panzerknacker - Remastered,2023-02-10,techno,track
1078,Parde Grilon,The Branch Of Heaven,2023-12-04,techno,track
1079,N.O.B.A,Place to B - Monster Mush Remix,2023-06-09,techno,track
1080,Einox,Passing Adging,2023-08-19,techno,track
1081,TECHNO N TEQUILLA,KNOW YOURSELF (TECHNO) (SLOWED + REVERB),2023-07-28,techno,track
1082,Various Artists,Pumpin Back,2023-11-10,techno,track
1083,Various Artists,Ritual - Original Mix,2023-09-08,techno,track
1084,Suokas,Ohio (Part 1),2023-12-27,techno,track
1085,Lex Gorrie,Reality Check,2023-04-04,techno,track
1086,Dan Morris,Shuttle,2023-06-05,techno,track
1087,Various Artists,Lonely Souls,2023-09-15,techno,track
1088,Dead Tanson,If This Chalk Could Talk,2023-04-07,techno,track
1089,Various Artists,Air Phaser - Hollen Remix,2023-01-05,techno,track
1090,Melodymann,Lash,2023-01-13,techno,track
1091,DJ Wank,Kaizen,2023-11-17,techno,track
1092,Martyn Hare,Panzatron - Dahryl Remix,2023-04-14,techno,track
1093,Various Artists,Awake - Spule Remix,2023-03-15,techno,track
1094,Norberto Lusso,10049,2023-01-06,techno,track
1095,Ripperton,Prends-moi avec toi,2023-05-08,techno,track
1096,A.Paul,Comfortable Silence - Sandro Galli Remix,2023-02-07,techno,track
1097,HYPERAVE,WTF THËY ON - HYPERTECHNO,2023-11-03,techno,track
1098,Maxime Dangles,Mauvais Rêve,2023-02-17,techno,track
1099,Rohar,Obsolete Gear,2023-11-17,techno,track
1100,Kaldera,Blank Page - Dandara Extended Remix,2023-02-17,techno,track
1101,Alex Di Stefano,The Hybrid - Extended Mix,2023-09-08,techno,track
1102,Various Artists,Slippin Jimmy,2023-02-24,techno,track
1103,Suokas,Random Coincidences,2023-05-26,techno,track
1104,Carara,Difference Between Grey And Shadow,2023-09-04,techno,track
1105,SCHÄDEL,Crono,2023-02-13,techno,track
1106,Ariet,Prayer - ASH Remix 2,2023-04-28,techno,track
1107,Various Artists,Corruption of Form - Turing Rmx,2023-04-07,techno,track
1108,Alberto Ruiz,Dark Shadow,2023-02-03,techno,track
1109,Marco Effe,Sected Phase,2023-03-24,techno,track
1110,DJ Wank,Kaizen,2023-11-17,techno,track
1111,Morttagua,Amor - TouchTalk Remix,2023-03-17,techno,track
1112,Outblast,Big Prize (Reprise Extended),2023-01-30,techno,track
1113,Hyper Binary,Seeking,2023-01-20,techno,track
1114,Various Artists,Programme Of Control - Tom Laws Remix,2023-01-13,techno,track
1115,Various Artists,The Rolls - Oliver Dollar Remix,2023-02-24,techno,track
1116,Various Artists,Escondido,2023-07-06,techno,track
1117,TECHNO N TEQUILLA,AROUND THE WORLD (LA LA LA) (TECHNO) (SLOWED + REVERB),2023-06-30,techno,track
1118,Paul Begge,Mirozdanie,2023-06-07,techno,track
1119,The Unborn Child,Lier,2023-06-28,techno,track
1120,Various Artists,Fabula,2023-01-27,techno,track
1121,Various Artists,Electromotive Force,2023-02-17,techno,track
1122,L/F/D/M,Swamp,2023-01-09,techno,track
1123,Cemento,Inner Worm,2023-11-17,techno,track
1124,Various Artists,Neo Seoul - Frankie Volo Remix,2023-03-16,techno,track
1125,Various Artists,Mito - Original Mix,2023-02-10,techno,track
1126,HYPERTECHNO,WON'T FORGET YOU HYPERTECHNO SPED UP,2023-02-16,techno,track
1127,Ig Noise,Decontrol - Original Mix,2023-12-09,techno,track
1128,Various Artists,Not a Dream,2023-12-22,techno,track
1129,Various Artists,Gwiazdy blask,2023-10-06,techno,track
1130,Carara,Implicitness (RD-6 Line),2023-07-04,techno,track
1131,Various Artists,Kids These Days,2023-02-24,techno,track
1132,Roman Ridder,Luminescence,2023-01-14,techno,track
1133,Orlando Voorn,Roundabout Hypnosis,2023-09-25,techno,track
1134,Various Artists,Metamorphosis - Original Mix,2023-02-24,techno,track
1135,Various Artists,Entity,2023-05-22,techno,track
1136,Various Artists,Shapes,2023-01-13,techno,track
1137,Faserklang,The Promenade,2023-10-06,techno,track
1138,Various Artists,Amoeba,2023-01-27,techno,track
1139,Tektoys,Sad Arkasha,2023-03-17,techno,track
1140,Various Artists,Velr,2023-01-30,techno,track
1141,Modtech,010,2023-02-17,techno,track
1142,Morttagua,Ouroboros - Matan Caspi Remix,2023-03-17,techno,track
1143,Various Artists,Reborn - Original Mix,2023-06-30,techno,track
1144,Anastasia Kristensen,On A Better Side,2023-08-31,techno,track
1145,Melodymann,Midnight Groove,2023-07-07,techno,track
1146,Modtech,001,2023-02-10,techno,track
1147,IN/JXRX,LONDON BY NIGHT,2023-08-11,techno,track
1148,Proton Radio,Unseen Locations - Biocym Remix - Mixed,2023-01-16,techno,track
1149,Various Artists,The Curl - Original Mix,2023-01-27,techno,track
1150,Vic Miranda,Loopybell - Vitale & Fernandez Remix,2023-10-05,techno,track
1151,BASSTON,TIE ME DOWN (TECHNO SPED UP),2023-01-20,techno,track
1152,Dan Morris,Mercury - Amber Rocks Remix,2023-06-05,techno,track
1153,Various Artists,Put The Screws On,2023-12-15,techno,track
1154,Greg Denbosa,Percolator,2023-09-18,techno,track
1155,Audio Units,Grand Scheme Of Things,2023-04-17,techno,track
1156,DiROL,Love Me Cause I Hate You,2023-10-06,techno,track
1157,Break The Limits,Ready 2 Rumble,2023-03-17,techno,track
1158,Various Artists,LETHAL GANGSTER,2023-08-11,techno,track
1159,James Warren,Nothing From Us - Extended Mix - Mixed,2023-02-24,techno,track
1160,Various Artists,Dub Memories - Mihai Popoviciu Remix,2023-07-28,techno,track
1161,Various Artists,Good,2023-10-27,techno,track
1162,Traful,Perspective - Mixed,2023-12-29,techno,track
1163,Various Artists,Hematom - Original Mix,2023-02-17,techno,track
1164,Various Artists,World Of Deep - Jesse Rose Respect To Detroit Remix,2023-11-03,techno,track
1165,Various Artists,Balenoo,2023-09-04,techno,track
1166,Carara,Dark and Raw,2023-12-15,techno,track
1167,Andy Zones,Hardman - Original Mix,2023-06-02,techno,track
1168,Various Artists,Stoner in the Warehouse,2023-05-26,techno,track
1169,Gerry Verano,Purple Love - Radio Edit,2023-08-31,techno,track
1170,Yulia Niko,Come Too Far,2023-11-10,techno,track
1171,Various Artists,Specter - Night Stories Remix,2023-12-08,techno,track
1172,Various Artists,Control,2023-01-27,techno,track
1173,Various Artists,Time Out,2023-06-30,techno,track
1174,Various Artists,Dunkle Augen,2023-06-16,techno,track
1175,Erdem Yetim,Uno - [Mixed],2023-07-21,techno,track
1176,Droneghost,Rania - Original Mix,2023-11-30,techno,track
1177,Mike Sharon,Traveler - Dust Yard remix,2023-09-08,techno,track
1178,Various Artists,Evros - Extended Mix,2023-09-08,techno,track
1179,Various Artists,Zero Gravity,2023-12-15,techno,track
1180,HYPERAVE,DRIVERS LICENSE - HYPERTECHNO (SPED UP),2023-05-12,techno,track
1181,Dimi Angélis,New Dark Age,2023-06-30,techno,track
1182,Various Artists,Solo Mi,2023-05-05,techno,track
1183,Various Artists,On and On - Original Mix,2023-07-14,techno,track
1184,Various Artists,Constant Conjunction,2023-02-03,techno,track
1185,Various Artists,Gatih,2023-09-08,techno,track
1186,Various Artists,Transformation,2023-10-06,techno,track
1187,Lakej,Safety In Numbers,2023-08-04,techno,track
1188,Rodion Poddubsky,Argonaut - Original Mix,2023-04-21,techno,track
1189,Various Artists,Unaiker,2023-05-26,techno,track
1190,Oliver Rosemann,Luke Chorus,2023-07-10,techno,track
1191,Soul Button,Unraveling - Deviu Remix,2023-03-31,techno,track
1192,Various Artists,Daft Jack,2023-10-30,techno,track
1193,Carara,Silver Note,2023-09-11,techno,track
1194,Various Artists,People,2023-03-17,techno,track
1195,Goncalo M,Thunderdome,2023-01-12,techno,track
1196,Break The Limits,The Leaders,2023-03-17,techno,track
1197,TECHNO N TEQUILLA,LET YOU GO (TECHNO) (SPED UP),2023-08-30,techno,track
1198,HYPERAVE,THIS IS ME - HYPERTECHNO SPED UP,2023-10-20,techno,track
1199,Various Artists,Confident Journey - Gorge Remix,2023-11-10,techno,track
1200,Various Artists,In The Bowels,2023-04-20,techno,track
1201,Gradient,Erbmu Danza - Original Mix,2023-08-07,techno,track
1202,Florian Kruse,Unity '89 - Pôngo Remix,2023-09-08,techno,track
1203,BASSTON,JE M'APELLE (TECHNO SPED UP),2023-01-27,techno,track
1204,Claas Herrmann,At Least It's Not Trance,2023-03-16,techno,track
1205,Ethan Fawkes,Belgium Is Back - Luke Riga Remix,2023-06-15,techno,track
1206,Michon,Geniah - Mixed,2023-08-03,techno,track
1207,Various Artists,Root #3,2023-07-21,techno,track
1208,Glitter,Asap,2023-05-19,techno,track
1209,Various Artists,Fircyk Spod Dachu,2023-05-26,techno,track
1210,Various Artists,Last Change,2023-02-24,techno,track
1211,Various Artists,Blow Your Mind,2023-05-19,techno,track
1212,Various Artists,40.000 Volts,2023-06-02,techno,track
1213,BLNDFLD,The Cave,2023-08-15,techno,track
1214,Various Artists,Denials - Extended Mix,2023-02-23,techno,track
1215,Various Artists,Mad World - Techno Remix,2023-12-13,techno,track
1216,Fabrizio Rat,Night Dark Night,2023-12-18,techno,track
1217,Gonzalo MD,Spektor One - MAL HOMBRE Remix,2023-02-13,techno,track
1218,Dany Rodriguez,Rising - Reborn23 Version,2023-11-23,techno,track
1219,Coefficient,Rendezvous in the Debris Disk,2023-03-31,techno,track
1220,Photonz,The Sun and the Moon - Cigarra Remix,2023-06-16,techno,track
1221,TECHNO N TEQUILLA,HEAD SHOULDERS KNEES & TOES (TECHNO) (SPED UP),2023-08-11,techno,track
1222,Droneghost,Rania - Original Mix,2023-11-30,techno,track
1223,Outblast,Hard and Strong (Reprise Extended),2023-01-26,techno,track
1224,Andy Zones,Hardman - Original Mix,2023-06-02,techno,track
1225,Le Son Du Placard,Contact - Original Mix,2023-08-04,techno,track
1226,Sven Sossong,Head Cracker,2023-02-24,techno,track
1227,DgtalSystem,M-Wave,2023-11-17,techno,track
1228,Alveol,Pleiadian - Below Bangkok Remix,2023-08-11,techno,track
1229,Various Artists,I See the Future - Acidulant Remix,2023-12-01,techno,track
1230,Serge Landar,Interlacement - Hypertonics Remix - Mixed,2023-08-27,techno,track
1231,Carara,Dark and Raw,2023-12-15,techno,track
1232,Gareth Wild,Constantine,2023-04-28,techno,track
1233,Various Artists,"Ebyta - Gene Karz, Lesia Karz Remix",2023-01-13,techno,track
1234,Various Artists,Fabula,2023-01-27,techno,track
1235,Carara,Difference Between Grey And Shadow,2023-09-04,techno,track
1236,Van Dexter,Slow Motion - Original Mix,2023-02-03,techno,track
1237,Various Artists,Assembly Of Souls - Urig & Dice Remix,2023-05-19,techno,track
1238,HYPERAVE,BRAZIL - HYPERTECHNO (SPED UP),2023-07-14,techno,track
1239,Various Artists,Dunkle Augen,2023-06-16,techno,track
1240,mja music switzerland,Tressor - Mixed,2023-11-07,techno,track
1241,Alexey Sonar,All I Need - Mixed,2023-09-29,techno,track
1242,FAST BASSTON,THE MIDDLE - (TECHNO SPED UP),2023-03-17,techno,track
1243,Various Artists,Convince Yourself,2023-04-28,techno,track
1244,Various Artists,Got Me In A Beat,2023-04-28,techno,track
1245,Jonas Kopp,LIM 8I - Original,2023-10-19,techno,track
1246,STL,Getting Deeper,2023-06-02,techno,track
1247,Various Artists,Bitter Resolution,2023-12-22,techno,track
1248,Various Artists,World Of Deep - Jesse Rose Respect To Detroit Remix,2023-11-03,techno,track
1249,Veztax,Obnova 2004,2023-10-25,techno,track
